publishedAt,title,url
2024-03-12T03:58:59Z,午前の日経平均は続落、米ＣＰＩを控え持ち高調整 日銀正常化への思惑も - ロイター (Reuters Japan),https://jp.reuters.com/markets/japan/funds/7QIVHVE2WRLIJAS55HFAYG6GJU-2024-03-12/
2024-03-12T03:28:37Z,外為12時 円相場、下落 一時147円台半ば 日銀総裁の発言受け - 日本経済新聞,https://www.nikkei.com/article/DGXZQOFL122YN0S4A310C2000000/
2024-03-12T03:21:44Z,ビットコイン、また史上最高値更新、ETFフローはこれからが本番？【仮想通貨相場】 - コインテレグラフ・ジャパン（ビットコイン、仮想通貨、ブロックチェーンのニュース）,https://jp.cointelegraph.com/news/rakuten-wallet-crypto-currency-market-review-2024-0312
2024-03-12T03:13:46Z,「一部統計に弱めの動き」と植田日銀総裁、景気認識1月より弱い表現 - ロイター (Reuters Japan),https://jp.reuters.com/economy/bank-of-japan/MS555L74FRPMXGYIF7MI7VJOEU-2024-03-12/
2024-03-12T03:05:00Z,65型まで対応の壁寄せTVスタンド。サウンドバーの棚板付き - AV Watch,https://av.watch.impress.co.jp/docs/news/1575576.html
2024-03-12T02:56:00Z,"""ロマンス詐欺” 227万円の被害｜日テレNEWS NNN - 日テレNEWS",https://news.ntv.co.jp/category/society/abd6f100c7a82f458faba6c81c12b75c3f
2024-03-12T02:50:50Z,カップ麺と菓子パンだけじゃつらいから… 野菜を作って備える | NHK | WEB特集 - nhk.or.jp,https://www3.nhk.or.jp/news/html/20240312/k10014385811000.html
2024-03-12T02:30:02Z,【いーふらん】金価格が過去最高値を更新！3月17日までトリプルキャンペーンを開催中 - PR TIMES,https://prtimes.jp/main/html/rd/p/000000077.000080252.html
2024-03-12T02:19:30Z,＜東証＞バリューコマースが10%高 自社株TOB、需給悪化懸念が後退 - 日本経済新聞,https://www.nikkei.com/article/DGXZQOFL121DD0S4A310C2000000/
2024-03-12T01:56:13Z,国内企業物価2月は前年比0.6％上昇、補助金効果剥落で伸び拡大＝日銀 - ロイター (Reuters Japan),https://jp.reuters.com/economy/bank-of-japan/YK5JFXHYBZIANLVUJLZOLSEVRI-2024-03-12/
2024-03-12T00:57:56Z,中国不動産開発の万科をジャンク級に、一段の格下げも－ムーディーズ - ブルームバーグ,https://www.bloomberg.co.jp/news/articles/2024-03-12/SA7GAST0AFB400
2024-03-12T00:46:31Z,米国株はＦＲＢよりＣＰＩに大きく反応も、オプション示唆－シティ - ブルームバーグ,https://www.bloomberg.co.jp/news/articles/2024-03-12/SA7I2PT1UM0W00
2024-03-12T00:07:47Z,話題株先取り【寄り付き】（1）：シルバライフ、セルソース、若築建など | 特報 - 株探ニュース - 株探ニュース,https://kabutan.jp/news/marketnews/?b=n202403120260
2024-03-12T00:06:38Z,イーロン・マスク氏、生成AI「Grok」オープン化 ChatGPTに対抗 - 日本経済新聞,https://www.nikkei.com/article/DGXZQOGN1202K0S4A310C2000000/
2024-03-11T23:57:03Z,1〜3月の大企業景況感、4期ぶりマイナス 車不正下押し - 日本経済新聞,https://www.nikkei.com/article/DGXZQOUA116GS0R10C24A3000000/
2024-03-11T23:00:00Z,来年の｢ふるさと納税｣はAmazonでどうぞ。ポイント貯まりそうよ - GIZMODO JAPAN,https://www.gizmodo.jp/2024/03/amazon-hometown-tax.html
2024-03-11T22:50:00Z,債券は下落か、マイナス金利解除観測で５年債入札警戒－米金利上昇も - ブルームバーグ,https://www.bloomberg.co.jp/news/articles/2024-03-11/SA6L0QT1UM0W00
2024-03-11T22:45:00Z,「家のどこにある？」「実用的でない」に対応、日常に溶け込む防災リュック…最低３日は暮らせる「中身」 - 読売新聞オンライン,https://www.yomiuri.co.jp/shinsai311/news/20240311-OYT1T50038/
2024-03-11T22:35:00Z,平日の日中に災害発生、郊外の自宅にいる女性や高齢者が対応するために…日頃から「備えるべきこと」 - 読売新聞オンライン,https://www.yomiuri.co.jp/national/20240311-OYT1T50050/
2024-03-11T22:28:48Z,米 最先端技術の祭典SXSW 日本企業 仮想空間体験など展示 | NHK - nhk.or.jp,https://www3.nhk.or.jp/news/html/20240312/k10014387101000.html
